town,costa,n_listings,median_price_eur,median_pm2_eur,p25_pm2_eur,p75_pm2_eur,median_built_m2,villa_share_pct,median_beach_km
Estepona,Costa del Sol,221,725000,6755,5362,9016,103,14,1
Mijas,Costa del Sol,196,575500,6729,5601,8302,87,17,2
Torrevieja,Costa Blanca South,113,305000,4983,4300,5700,61,25,0.6
Fuengirola,Costa del Sol,100,740500,7475,6295,9701,91,14,1.5
Pilar de La Horadada,Costa Blanca South,89,365000,4874,4347,5614,77,73,2
Marbella,Costa del Sol,84,1097500,8203,6528,12117,119,31,2.1
Los Alcazares,Costa Calida,77,399000,4684,4238,5523,85,40,0.9
Finestrat,Costa Blanca North,60,566750,5671,4774,6584,106,55,3
Guardamar del Segura,Costa Blanca South,52,319120,4868,4253,5693,65,2,1
San Pedro del Pinatar,Costa Calida,52,293500,4341,3977,5159,67,50,1
Casares,Costa del Sol,51,565000,5962,5060,6989,97,6,1.8
Torre Pacheco,Costa Calida,50,318450,4153,3690,4913,80,66,8.5
Benijofar,Costa Blanca South,42,393400,4796,4245,5337,75,31,8
Manilva,Costa del Sol,40,490500,5934,4363,7841,92,13,0.6
Benahavís,Costa del Sol,36,1279500,9961,7494,12783,131,22,5.75
San Miguel de Salinas,Costa Blanca South,33,269900,4073,3599,4998,73,61,9
Villajoyosa,Costa Blanca North,31,440000,6350,5645,7417,70,0,0.5
Pinoso,Costa Blanca South - Inland,30,473500,3065,2809,3784,140,100,50
Algorfa,Costa Blanca South,29,473000,4823,3383,5767,90,76,14
Málaga,Costa del Sol,27,980000,10260,6509,15351,91,19,0.9
Baños y Mendigo,Costa Calida,26,484450,4590,4211,5595,102,77,30
Rojales,Costa Blanca South,25,529000,4843,4084,6487,100,100,6
Orihuela Costa,Costa Blanca South,22,794950,6435,5159,7469,138,82,0.7
Polop,Costa Blanca North,22,654650,6155,5711,6573,101,100,8.5
Benalmádena,Costa del Sol,21,750000,6420,5620,8358,109,24,1.4
Torremolinos,Costa del Sol,21,675000,7796,6344,8460,88,5,0.7
Calpe,Costa Blanca North,20,700000,8345,5632,9938,107,25,0.4
San Javier,Costa Calida,17,389000,4863,3899,6166,80,82,2.5
San Roque,Costa del Sol (Cadiz),16,598250,5776,5248,7708,96,0,1.5
Aguilas,Costa Calida,14,370750,4828,3738,6457,75,14,0.3
Jávea Xàbia,Costa Blanca North,14,632500,7439,6204,8517,92,36,0.8
Fuente Álamo,Costa Calida - Inland,13,379845,3825,3063,5000,100,85,23
La Manga Club,Costa Calida,13,450000,4737,4421,5793,95,54,2.5
la Nucia,Costa Blanca North,13,449427,5635,4871,6161,73,31,7
Orihuela,Costa Blanca South,13,395000,4590,4389,5453,90,100,14
rincon de la victoria,Costa del Sol,13,440000,5622,5205,6505,81,8,0.8
Vélez Málaga,Costa del Sol,13,438000,5320,4875,6108,78,15,0.3
Alhama De Murcia,Costa Calida - Inland,12,290500,4133,3839,4502,77,75,20
El Verger,Costa Blanca North,12,377250,5762,5133,6385,68,33,0.7
Hondón de las Nieves,Costa Blanca South - Inland,12,250000,3382,2834,3732,87,25,37
La Linea De La Concepcion,Costa del Sol (Cadiz),12,503000,6751,5963,9320,79,8,0.1
Alicante,Costa Blanca North,11,295000,4568,4397,4982,70,0,2.7
Benissa,Costa Blanca North,11,2600000,9828,7832,10943,250,100,2
El Campello,Costa Blanca North,11,585000,6462,5323,7932,95,64,0
Cartagena,Costa Calida,10,480500,4932,4343,5560,99,50,0.5
Denia,Costa Blanca North,10,474500,5869,5012,6445,79,10,0.5
Dolores,Costa Blanca South,10,417450,3928,3832,4671,85,100,12
La Manga del Mar Menor,Costa Calida,10,330000,4425,3363,4830,84,20,0.1
San Pedro De Alcantara,Costa del Sol,10,710825,9056,7299,10936,103,0,1.2
Ciudad Quesada,Costa Blanca South,9,549000,4886,4495,5490,100,100,7
Mazarron,Costa Calida - Inland,9,269900,2406,2170,2900,60,67,9
Mutxamel,Costa Blanca North,9,399000,4968,4125,5471,80,33,6
Aspe,Costa Blanca South - Inland,7,469950,3386,3343,3763,139,100,25
Cox,Costa Blanca South - Inland,7,235000,3483,3343,3589,70,100,25
Moraira_Teulada,Costa Blanca North,7,2175000,7967,7877,8938,273,100,2
San Fulgencio,Costa Blanca South,7,319900,4158,3954,5311,85,100,7
Almuñecar,Costa Tropical,6,361500,4987,2905,5020,80,50,0.3
Bigastro,Costa Blanca South,6,207400,3112,2962,3280,64,33,25
Ojen,Costa del Sol,6,1045550,8622,8486,10679,120,17,5
Torrox,Costa del Sol,6,357500,4734,4450,5052,75,0,0.2
Alfas del Pi,Costa Blanca North,5,331000,4921,4794,5254,63,20,4
Catral,Costa Blanca South - Inland,5,213000,2760,2700,2840,75,0,15
La Marina,Costa Blanca South,5,299000,4211,3786,5100,71,40,0.8
Los Montesinos,Costa Blanca South,5,525000,5250,4182,5350,100,100,9
Monforte del Cid,Costa Blanca North - Inland,5,529900,5047,3749,5262,105,100,20
Puerto de Mazarron,Costa Calida,5,226000,4333,3730,4431,60,60,0.2
Sotogrande,Costa del Sol (Cadiz),5,1014000,5761,3510,6413,176,100,4
