Mest populære sider,Visninger
https://avenaterminal.com/compare/torrevieja-alicante-vs-torremolinos-m-laga,20
https://avenaterminal.com/,13
https://avenaterminal.com/compare/marbella-m-laga-vs-calpe-alicante,6
https://avenaterminal.com/compare/pilar-de-la-horadada-alicante-vs-los-alcazares-murcia,5
https://avenaterminal.com/compare/pilar-de-la-horadada-alicante-vs-orihuela-costa-alicante,5
https://avenaterminal.com/compare/torrevieja-alicante-vs-fuengirola-m-laga,5
https://avenaterminal.com/guides/belgian-buyers-spain-2026,5
https://avenaterminal.com/compare/estepona-m-laga-vs-j-vea-x-bia-alicante,4
https://avenaterminal.com/compare/marbella-m-laga-vs-j-vea-x-bia-alicante,4
https://avenaterminal.com/compare/pilar-de-la-horadada-alicante-vs-san-pedro-del-pinatar-murcia,4
https://avenaterminal.com/compare/torrevieja-alicante-vs-j-vea-x-bia-alicante,4
https://avenaterminal.com/compare/torrevieja-alicante-vs-marbella-m-laga,4
https://avenaterminal.com/about,3
https://avenaterminal.com/compare/calpe-alicante-vs-aguilas-murcia,3
https://avenaterminal.com/compare/calpe-alicante-vs-torremolinos-m-laga,3
https://avenaterminal.com/compare/fuengirola-m-laga-vs-aguilas-murcia,3
https://avenaterminal.com/compare/los-alcazares-murcia-vs-san-pedro-del-pinatar-murcia,3
https://avenaterminal.com/compare/orihuela-costa-alicante-vs-benalm-dena-m-laga,3
https://avenaterminal.com/compare/san-pedro-del-pinatar-murcia-vs-san-javier-murcia,3
https://avenaterminal.com/compare/torrevieja-alicante-vs-benalm-dena-m-laga,3
https://avenaterminal.com/compare/torrevieja-alicante-vs-calpe-alicante,3
https://avenaterminal.com/compare/torrevieja-alicante-vs-orihuela-costa-alicante,3
https://avenaterminal.com/compare/torrevieja-alicante-vs-san-miguel-de-salinas-alicante,3
https://avenaterminal.com/standards,3
https://avenaterminal.com/answers,2
https://avenaterminal.com/compare/benalm-dena-m-laga-vs-torremolinos-m-laga,2
https://avenaterminal.com/compare/es-vs-cy,2
https://avenaterminal.com/compare/estepona-m-laga-vs-finestrat-alicante,2
https://avenaterminal.com/compare/estepona-m-laga-vs-los-alcazares-murcia,2
https://avenaterminal.com/compare/estepona-m-laga-vs-orihuela-costa-alicante,2
https://avenaterminal.com/compare/guardamar-del-segura-alicante-vs-calpe-alicante,2
https://avenaterminal.com/compare/guardamar-del-segura-alicante-vs-orihuela-costa-alicante,2
https://avenaterminal.com/compare/los-alcazares-murcia-vs-orihuela-costa-alicante,2
https://avenaterminal.com/compare/los-alcazares-murcia-vs-san-javier-murcia,2
https://avenaterminal.com/compare/marbella-malaga-vs-san-roque-cadiz,2
https://avenaterminal.com/compare/mijas-m-laga-vs-torrevieja-alicante,2
https://avenaterminal.com/compare/orihuela-costa-alicante-vs-j-vea-x-bia-alicante,2
https://avenaterminal.com/compare/san-javier-murcia-vs-j-vea-x-bia-alicante,2
https://avenaterminal.com/compare/san-pedro-del-pinatar-murcia-vs-aguilas-murcia,2
https://avenaterminal.com/compare/san-pedro-del-pinatar-murcia-vs-benalm-dena-m-laga,2
https://avenaterminal.com/compare/san-pedro-del-pinatar-murcia-vs-calpe-alicante,2
https://avenaterminal.com/compare/torrevieja-alicante-vs-san-javier-murcia,2
https://avenaterminal.com/compare/torrevieja-alicante-vs-san-pedro-del-pinatar-murcia,2
https://avenaterminal.com/compare/torrevieja-alicante-vs-villajoyosa-alicante,2
https://avenaterminal.com/dataset,2
https://avenaterminal.com/papers/delphi,2
https://avenaterminal.com/academic,1
https://avenaterminal.com/avena-index,1
https://avenaterminal.com/best/costa-del-sol-apartments,1
https://avenaterminal.com/blog,1
https://avenaterminal.com/blog/airbnb-rental-income-spain-realistic-numbers,1
https://avenaterminal.com/compare/algorfa-alicante-vs-rojales-alicante,1
https://avenaterminal.com/compare/benijofar-alicante-vs-orihuela-costa-alicante,1
https://avenaterminal.com/compare/benijofar-alicante-vs-rojales-alicante,1
https://avenaterminal.com/compare/calpe-alicante-vs-j-vea-x-bia-alicante,1
https://avenaterminal.com/compare/casares-m-laga-vs-manilva-m-laga,1
https://avenaterminal.com/compare/estepona-m-laga-vs-calpe-alicante,1
https://avenaterminal.com/compare/estepona-m-laga-vs-manilva-m-laga,1
https://avenaterminal.com/compare/estepona-m-laga-vs-san-pedro-del-pinatar-murcia,1
https://avenaterminal.com/compare/estepona-m-laga-vs-san-roque-c-diz,1
https://avenaterminal.com/compare/estepona-m-laga-vs-torremolinos-m-laga,1
https://avenaterminal.com/compare/estepona-m-laga-vs-villajoyosa-alicante,1
https://avenaterminal.com/compare/estepona-malaga-vs-benahavis-malaga,1
https://avenaterminal.com/compare/estepona-malaga-vs-pilar-de-la-horadada-alicante,1
https://avenaterminal.com/compare/finestrat-alicante-vs-benahav-s-m-laga,1
https://avenaterminal.com/compare/finestrat-alicante-vs-calpe-alicante,1
https://avenaterminal.com/compare/finestrat-alicante-vs-villajoyosa-alicante,1
https://avenaterminal.com/compare/fuengirola-m-laga-vs-calpe-alicante,1
https://avenaterminal.com/compare/fuengirola-m-laga-vs-j-vea-x-bia-alicante,1
https://avenaterminal.com/compare/fuengirola-m-laga-vs-manilva-m-laga,1
https://avenaterminal.com/compare/fuengirola-m-laga-vs-pinoso-alicante,1
https://avenaterminal.com/compare/fuengirola-m-laga-vs-san-roque-c-diz,1
https://avenaterminal.com/compare/fuengirola-m-laga-vs-torre-pacheco-murcia,1
https://avenaterminal.com/compare/fuengirola-m-laga-vs-villajoyosa-alicante,1
https://avenaterminal.com/compare/guardamar-del-segura-alicante-vs-aguilas-murcia,1
https://avenaterminal.com/compare/guardamar-del-segura-alicante-vs-j-vea-x-bia-alicante,1
https://avenaterminal.com/compare/guardamar-del-segura-alicante-vs-villajoyosa-alicante,1
https://avenaterminal.com/compare/hond-n-de-las-nieves-alicante-vs-aguilas-murcia,1
https://avenaterminal.com/compare/los-alcazares-murcia-vs-benalm-dena-m-laga,1
https://avenaterminal.com/compare/los-alcazares-murcia-vs-finestrat-alicante,1
https://avenaterminal.com/compare/los-alcazares-murcia-vs-hond-n-de-las-nieves-alicante,1
https://avenaterminal.com/compare/los-alcazares-murcia-vs-marbella-m-laga,1
https://avenaterminal.com/compare/los-alcazares-murcia-vs-pinoso-alicante,1
https://avenaterminal.com/compare/los-alcazares-murcia-vs-torre-pacheco-murcia,1
https://avenaterminal.com/compare/manilva-m-laga-vs-j-vea-x-bia-alicante,1
https://avenaterminal.com/compare/manilva-m-laga-vs-san-roque-c-diz,1
https://avenaterminal.com/compare/marbella-m-laga-vs-benalm-dena-m-laga,1
https://avenaterminal.com/compare/marbella-m-laga-vs-manilva-m-laga,1
https://avenaterminal.com/compare/marbella-m-laga-vs-torremolinos-m-laga,1
https://avenaterminal.com/compare/marbella-malaga-vs-guardamar-del-segura-alicante,1
https://avenaterminal.com/compare/mijas-m-laga-vs-benahav-s-m-laga,1
https://avenaterminal.com/compare/mijas-m-laga-vs-benalm-dena-m-laga,1
https://avenaterminal.com/compare/mijas-m-laga-vs-calpe-alicante,1
https://avenaterminal.com/compare/mijas-m-laga-vs-fuengirola-m-laga,1
https://avenaterminal.com/compare/mijas-m-laga-vs-guardamar-del-segura-alicante,1
https://avenaterminal.com/compare/mijas-malaga-vs-aguilas-murcia,1
https://avenaterminal.com/compare/orihuela-costa-alicante-vs-aguilas-murcia,1
https://avenaterminal.com/compare/orihuela-costa-alicante-vs-calpe-alicante,1
https://avenaterminal.com/compare/orihuela-costa-alicante-vs-rojales-alicante,1
https://avenaterminal.com/compare/orihuela-costa-alicante-vs-san-javier-murcia,1
https://avenaterminal.com/compare/orihuela-costa-alicante-vs-torremolinos-m-laga,1
https://avenaterminal.com/compare/pilar-de-la-horadada-alicante-vs-benijofar-alicante,1
https://avenaterminal.com/compare/pilar-de-la-horadada-alicante-vs-guardamar-del-segura-alicante,1
https://avenaterminal.com/compare/pilar-de-la-horadada-alicante-vs-rojales-alicante,1
https://avenaterminal.com/compare/pinoso-alicante-vs-san-javier-murcia,1
https://avenaterminal.com/compare/pinoso-alicante-vs-torremolinos-m-laga,1
https://avenaterminal.com/compare/polop-alicante-vs-villajoyosa-alicante,1
https://avenaterminal.com/compare/san-javier-murcia-vs-aguilas-murcia,1
https://avenaterminal.com/compare/san-miguel-de-salinas-alicante-vs-benijofar-alicante,1
https://avenaterminal.com/compare/san-miguel-de-salinas-alicante-vs-orihuela-costa-alicante,1
https://avenaterminal.com/compare/san-pedro-del-pinatar-murcia-vs-guardamar-del-segura-alicante,1
https://avenaterminal.com/compare/san-pedro-del-pinatar-murcia-vs-manilva-m-laga,1
https://avenaterminal.com/compare/san-pedro-del-pinatar-murcia-vs-orihuela-costa-alicante,1
https://avenaterminal.com/compare/torre-pacheco-murcia-vs-benijofar-alicante,1
https://avenaterminal.com/compare/torrevieja-alicante-vs-los-alcazares-murcia,1
https://avenaterminal.com/compare/torrevieja-alicante-vs-san-roque-c-diz,1
https://avenaterminal.com/compare/torrevieja-alicante-vs-torre-pacheco-murcia,1
https://avenaterminal.com/compare/villajoyosa-alicante-vs-calpe-alicante,1
https://avenaterminal.com/compare/villajoyosa-alicante-vs-j-vea-x-bia-alicante,1
https://avenaterminal.com/compare/villajoyosa-alicante-vs-san-roque-c-diz,1
https://avenaterminal.com/eu-coverage,1
https://avenaterminal.com/guides/british-buyers-spain-2026,1
https://avenaterminal.com/institutional,1
https://avenaterminal.com/login,1
https://avenaterminal.com/methodology,1
https://avenaterminal.com/property/AVN:ES-03999-NB-SP0869-1205/data-sheet,1
https://avenaterminal.com/property/SP0517,1
https://avenaterminal.com/towns/aguilas-murcia,1
https://avenaterminal.com/towns/benijofar-alicante,1